問題名,カテゴリ,対処法,詳細説明,予防策,参考情報
データベース接続エラー,データベース,接続プールの設定を確認し再起動を試行,接続タイムアウトやプール枯渇が原因の可能性。max_connections設定を確認,定期的な接続プール監視とアラート設定,DB接続数の監視ダッシュボード導入
メモリ使用量超過,パフォーマンス,不要なプロセスを停止しメモリを解放,メモリリークやバッチ処理での大量データ読み込みが原因,メモリ使用量の定期監視とGCチューニング,JVMヒープサイズの適切な設定
ネットワーク遅延,ネットワーク,ネットワーク経路とDNS設定を確認,外部API呼び出しやデータベース接続での遅延,タイムアウト設定の適正化とリトライ機構の実装,CDNやロードバランサーの活用
ログイン失敗,セキュリティ,アカウントロック機能とIP制限を確認,ブルートフォース攻撃やパスワード推測攻撃の可能性,多要素認証の導入とパスワードポリシー強化,セキュリティログの監視強化
プロセス異常終了,システム,ログファイルで詳細エラーを確認し再起動,メモリ不足やセグメンテーションフォルトが原因,定期的なヘルスチェックと自動復旧機能,プロセス監視ツールの導入
API応答遅延,API,接続数制限とレート制限を確認,大量リクエストや外部サービス依存が原因,キャッシュ機能の実装とレスポンス最適化,API監視とアラート設定
ディスク容量不足,ストレージ,不要ファイルの削除とログローテーション設定,ログファイルの肥大化や一時ファイルの蓄積,定期的なディスククリーンアップとアラート,ディスク使用量監視
SSL証明書エラー,セキュリティ,証明書の有効期限と設定を確認,証明書の期限切れや設定ミスが原因,証明書更新の自動化と期限監視,証明書管理ツールの導入
バックアップ失敗,データ保護,バックアップスクリプトとストレージ容量を確認,権限不足やストレージ容量不足が原因,バックアップジョブの監視と冗長化,バックアップ検証の自動化
